eltj,3359.82,56455.77,411
zeMO,4128.78,56473.2,398
xqNe,3175.5,56497.35,388
rXUz,2170.94,56502.14,346
v3Hf,2581.66,56487.48,376
cI7z,3324.4,56504.52,401
bcyn,3617.08,56492.26,412
7DOp,293.95,56516.72,420
bwMQ,4800.51,56494.97,386
NcsU,5482.47,56519.46,405
IKul,4158.97,56521.85,483
9Pbe,3299.45,56519.46,458
Dp1Q,4312.56,56528.99,403
DEMM,3225.04,56524.23,347
SpVi,834.73,56538.5,417
qjvc,924.49,56536.13,412
Ll45,1379.0,56538.51,395
ElEl,6685.31,56552.83,543
rPRY,2616.95,56538.51,426
FVZ0,5447.62,56543.28,398
dlN8,1866.96,56557.59,444
t5nO,5333.94,56557.6,440
TjHu,3124.49,56460.88,467
6yjw,348.84,56466.03,509
xsec,2581.49,56550.45,424
VfWU,1260.59,56511.96,371
xb15,9287.89,56557.59,446
j7D6,3156.03,56458.5,378
D6aC,1893.31,56509.28,473
IrTo,11149.11,56502.14,334
yvMO,2146.91,56506.9,425
xwMg,519.69,56545.66,342
BtJt,373.72,56475.59,493
HDPI,5247.44,56526.61,453
UXTa,6216.48,56533.75,430
izKt,422.51,56470.83,409
4m3u,404.86,56531.37,336
JQxH,1370.67,56550.46,431
HddN,5197.05,56555.21,445
xXkI,2376.73,56477.97,406
2gCA,9062.26,56453.39,395
z1Og,10796.09,56557.6,439
nuk2,2590.83,56482.73,370
Nn71,2395.47,56514.34,374
BH76,4742.56,56550.45,446
hzgM,2863.3,56485.11,406
Jlce,650.83,56480.35,419
xfR4,903.0,56519.47,453
93OA,1997.34,56463.65,393
BZrS,4330.63,56502.14,429
